<?xml version="1.0" encoding="UTF-8"?>
<con:soapui-project id="83d1ed1d-fe40-4154-b8b3-1118585167fa" activeEnvironment="Default environment" name="multiRoute" resourceRoot="${projectDir}" soapui-version="6.0.0" updated="2.2.0 20171026-0943" xmlns:con="http://eviware.com/soapui/config"><con:settings/><con:interface xsi:type="con:RestService" id="bf0b9a59-c953-463b-9078-6fcaedd3c652" wadlVersion="http://wadl.dev.java.net/2009/02" name="http://localhost:8081" type="rest" xmlns:xsi="http://www.w3.org/2001/XMLSchema-instance"><con:settings/><con:definitionCache type="TEXT" rootPart=""/><con:endpoints><con:endpoint>http://localhost:8081</con:endpoint></con:endpoints><con:resource name="" path="/route" id="e7d0ac52-bb05-43de-8a2c-7eb3a5f0d0a4"><con:settings/><con:parameters><con:parameter><con:name>server</con:name><con:value/><con:style>QUERY</con:style><con:default/><con:description xsi:nil="true"/></con:parameter><con:parameter><con:name>q</con:name><con:value/><con:style>QUERY</con:style><con:default/><con:description xsi:nil="true"/></con:parameter></con:parameters><con:method name="" id="5778ea36-c707-47d5-a76c-3e1b260879fa" method="GET"><con:settings/><con:parameters/><con:representation type="RESPONSE"><con:mediaType>application/xml</con:mediaType><con:status>200</con:status><con:params/></con:representation><con:representation type="RESPONSE"><con:mediaType>application/json</con:mediaType><con:status>200</con:status><con:params/></con:representation><con:representation type="FAULT"><con:mediaType xsi:nil="true"/><con:status>500 405</con:status><con:params/><con:element>data</con:element></con:representation><con:representation type="FAULT"><con:mediaType xsi:nil="true"/><con:status>500</con:status><con:params/><con:element>data</con:element></con:representation><con:representation type="FAULT"><con:mediaType xsi:nil="true"/><con:status>500</con:status><con:params/><con:element>data</con:element></con:representation><con:representation type="FAULT"><con:mediaType xsi:nil="true"/><con:status>500</con:status><con:params/><con:element>data</con:element></con:representation><con:representation type="FAULT"><con:mediaType xsi:nil="true"/><con:status>500</con:status><con:params/><con:element>data</con:element></con:representation><con:representation type="FAULT"><con:mediaType xsi:nil="true"/><con:status>500</con:status><con:params/><con:element>data</con:element></con:representation><con:representation type="FAULT"><con:mediaType xsi:nil="true"/><con:status>500</con:status><con:params/><con:element>data</con:element></con:representation><con:representation type="FAULT"><con:mediaType xsi:nil="true"/><con:status>500</con:status><con:params/><con:element>data</con:element></con:representation><con:representation type="FAULT"><con:mediaType xsi:nil="true"/><con:status>500</con:status><con:params/><con:element>data</con:element></con:representation><con:representation type="FAULT"><con:mediaType xsi:nil="true"/><con:status>500</con:status><con:params/><con:element>data</con:element></con:representation><con:representation type="FAULT"><con:mediaType xsi:nil="true"/><con:status>500</con:status><con:params/><con:element>data</con:element></con:representation><con:representation type="FAULT"><con:mediaType xsi:nil="true"/><con:status>500</con:status><con:params/><con:element>data</con:element></con:representation><con:representation type="FAULT"><con:mediaType xsi:nil="true"/><con:status>500</con:status><con:params/><con:element>data</con:element></con:representation><con:representation type="FAULT"><con:mediaType xsi:nil="true"/><con:status>500</con:status><con:params/><con:element>data</con:element></con:representation><con:representation type="FAULT"><con:mediaType xsi:nil="true"/><con:status>500</con:status><con:params/><con:element>data</con:element></con:representation><con:representation type="FAULT"><con:mediaType xsi:nil="true"/><con:status>500</con:status><con:params/><con:element>data</con:element></con:representation><con:representation type="FAULT"><con:mediaType xsi:nil="true"/><con:status>500</con:status><con:params/><con:element>data</con:element></con:representation><con:representation type="FAULT"><con:mediaType xsi:nil="true"/><con:status>500</con:status><con:params/><con:element>data</con:element></con:representation><con:representation type="RESPONSE"><con:mediaType xsi:nil="true"/><con:status>0</con:status><con:params/><con:element>data</con:element></con:representation><con:representation type="FAULT"><con:mediaType xsi:nil="true"/><con:status>404</con:status><con:params/><con:element>data</con:element></con:representation><con:representation type="FAULT"><con:mediaType xsi:nil="true"/><con:status>404</con:status><con:params/><con:element>data</con:element></con:representation><con:representation type="FAULT"><con:mediaType xsi:nil="true"/><con:status>404</con:status><con:params/><con:element>data</con:element></con:representation><con:representation type="FAULT"><con:mediaType xsi:nil="true"/><con:status>404</con:status><con:params/><con:element>data</con:element></con:representation><con:representation type="FAULT"><con:mediaType xsi:nil="true"/><con:status>404</con:status><con:params/><con:element>data</con:element></con:representation><con:representation type="FAULT"><con:mediaType xsi:nil="true"/><con:status>404</con:status><con:params/><con:element>data</con:element></con:representation><con:representation type="FAULT"><con:mediaType xsi:nil="true"/><con:status>404</con:status><con:params/><con:element>data</con:element></con:representation><con:representation type="FAULT"><con:mediaType xsi:nil="true"/><con:status>404</con:status><con:params/><con:element>data</con:element></con:representation><con:representation type="FAULT"><con:mediaType xsi:nil="true"/><con:status>404</con:status><con:params/><con:element>data</con:element></con:representation><con:representation type="FAULT"><con:mediaType xsi:nil="true"/><con:status>404</con:status><con:params/><con:element>data</con:element></con:representation><con:representation type="FAULT"><con:mediaType xsi:nil="true"/><con:status>500</con:status><con:params/><con:element>data</con:element></con:representation><con:representation type="FAULT"><con:mediaType xsi:nil="true"/><con:status>500</con:status><con:params/><con:element>data</con:element></con:representation><con:representation type="FAULT"><con:mediaType xsi:nil="true"/><con:status>500</con:status><con:params/><con:element>data</con:element></con:representation><con:representation type="FAULT"><con:mediaType xsi:nil="true"/><con:status>500</con:status><con:params/><con:element>data</con:element></con:representation><con:representation type="FAULT"><con:mediaType xsi:nil="true"/><con:status>500</con:status><con:params/><con:element>data</con:element></con:representation><con:representation type="FAULT"><con:mediaType xsi:nil="true"/><con:status>500</con:status><con:params/><con:element>data</con:element></con:representation><con:representation type="FAULT"><con:mediaType xsi:nil="true"/><con:status>500</con:status><con:params/><con:element>data</con:element></con:representation><con:representation type="FAULT"><con:mediaType xsi:nil="true"/><con:status>500</con:status><con:params/><con:element>data</con:element></con:representation><con:representation type="FAULT"><con:mediaType xsi:nil="true"/><con:status>500</con:status><con:params/><con:element>data</con:element></con:representation><con:representation type="FAULT"><con:mediaType xsi:nil="true"/><con:status>500</con:status><con:params/><con:element>data</con:element></con:representation><con:representation type="FAULT"><con:mediaType xsi:nil="true"/><con:status>500</con:status><con:params/><con:element>data</con:element></con:representation><con:representation type="RESPONSE"><con:mediaType xsi:nil="true"/><con:status>0</con:status><con:params/><con:element>data</con:element></con:representation><con:representation type="FAULT"><con:mediaType xsi:nil="true"/><con:status>404</con:status><con:params/><con:element>data</con:element></con:representation><con:representation type="FAULT"><con:mediaType xsi:nil="true"/><con:status>404</con:status><con:params/><con:element>data</con:element></con:representation><con:representation type="FAULT"><con:mediaType xsi:nil="true"/><con:status>404</con:status><con:params/><con:element>data</con:element></con:representation><con:representation type="FAULT"><con:mediaType xsi:nil="true"/><con:status>404</con:status><con:params/><con:element>data</con:element></con:representation><con:representation type="FAULT"><con:mediaType xsi:nil="true"/><con:status>404</con:status><con:params/><con:element>data</con:element></con:representation><con:representation type="FAULT"><con:mediaType xsi:nil="true"/><con:status>404</con:status><con:params/><con:element>data</con:element></con:representation><con:representation type="FAULT"><con:mediaType xsi:nil="true"/><con:status>404</con:status><con:params/><con:element>data</con:element></con:representation><con:representation type="FAULT"><con:mediaType xsi:nil="true"/><con:status>500</con:status><con:params/><con:element>data</con:element></con:representation><con:representation type="FAULT"><con:mediaType xsi:nil="true"/><con:status>500</con:status><con:params/><con:element>data</con:element></con:representation><con:representation type="FAULT"><con:mediaType xsi:nil="true"/><con:status>405</con:status><con:params/><con:element>data</con:element></con:representation><con:representation type="REQUEST"><con:mediaType>application/json</con:mediaType><con:params/></con:representation><con:request name="Request 1" id="e76459e1-03cb-402c-a335-2e0f4a9b3a99" mediaType="application/json" postQueryString="false"><con:settings><con:setting id="com.eviware.soapui.impl.wsdl.WsdlRequest@request-headers">&lt;entry key="Authentication" value="NEWKEY" xmlns="http://eviware.com/soapui/config"/></con:setting></con:settings><con:endpoint>http://localhost:8070</con:endpoint><con:request>{
	"test":"value"
	}</con:request><con:originalUri>http://localhost/one</con:originalUri><con:credentials><con:selectedAuthProfile>No Authorization</con:selectedAuthProfile><con:authType>No Authorization</con:authType></con:credentials><con:jmsConfig JMSDeliveryMode="PERSISTENT"/><con:parameters>
  <con:entry key="server" value="one"/>
  <con:entry key="q" value="boston"/>
</con:parameters><con:parameterOrder><con:entry>server</con:entry><con:entry>q</con:entry></con:parameterOrder></con:request></con:method></con:resource></con:interface><con:restMockService id="52fedb1f-c69e-47ff-afb8-0316dc856710" port="8070" path="/" host="localhost" name="routingServer"><con:settings/><con:properties/><con:constraints><con:congestion>0</con:congestion><con:inputBandwidth>-1</con:inputBandwidth><con:outputBandwidth>-1</con:outputBandwidth><con:maxThreadPoolCapacity>20</con:maxThreadPoolCapacity><con:coreThreadPoolCapacity>5</con:coreThreadPoolCapacity><con:minLatency>0</con:minLatency><con:minApplicationDelay>0</con:minApplicationDelay><con:virtError><con:start>0</con:start><con:endless>true</con:endless></con:virtError></con:constraints><con:headerValidator type="NONE"/><con:restMockAction name="/route" method="GET" resourcePath="/route" id="5cb9ba2a-1c21-404e-8074-448b90c69948"><con:settings/><con:defaultResponse>badRequest</con:defaultResponse><con:dispatchStyle>PARAMETER</con:dispatchStyle><con:dispatchConfig/><con:dispatchXPath/><con:parameterDispatcherRuleContainer><con:ParameterDispatcherRule><con:ruleName>getOne</con:ruleName><con:parameterDispatcherCondition><con:parameterType>QUERY</con:parameterType><con:parameterOperationType>EQUALS</con:parameterOperationType><con:parameterName>server</con:parameterName><con:parameterValue>one</con:parameterValue></con:parameterDispatcherCondition><con:responseName>getOne</con:responseName></con:ParameterDispatcherRule><con:ParameterDispatcherRule><con:ruleName>getTwo</con:ruleName><con:parameterDispatcherCondition><con:parameterType>QUERY</con:parameterType><con:parameterOperationType>EQUALS</con:parameterOperationType><con:parameterName>server</con:parameterName><con:parameterValue>two</con:parameterValue></con:parameterDispatcherCondition><con:responseName>getTwo</con:responseName></con:ParameterDispatcherRule><con:ParameterDispatcherRule><con:ruleName>getThree</con:ruleName><con:parameterDispatcherCondition><con:parameterType>QUERY</con:parameterType><con:parameterOperationType>EQUALS</con:parameterOperationType><con:parameterName>server</con:parameterName><con:parameterValue>three</con:parameterValue></con:parameterDispatcherCondition><con:responseName>getThree</con:responseName></con:ParameterDispatcherRule></con:parameterDispatcherRuleContainer><con:routeScript/><con:response name="getOne" id="ff5d0b21-a67f-4237-86e6-a95ad4b012d2" httpResponseStatus="200" mediaType="application/json" dataSource=""><con:settings/><con:script>def str = mockRequest.getRequest().getQueryString().split("=")
def q = str[-1]

context.response = new URL("http://localhost:8071/to?q=" + q).text</con:script><con:responseContent>{
	"status":"OK",
	"connected_service":"${response#$['currentServer']}",
	"result_message": "${response#$['message']}"
	}</con:responseContent></con:response><con:response name="getTwo" id="6b4df6ce-8885-4720-a531-37e2847216eb" httpResponseStatus="200" mediaType="application/json" dataSource=""><con:settings/><con:script>def str = mockRequest.getRequest().getQueryString().split("=")
def q = str[-1]

context.response = new URL("http://localhost:8072/to?q=" + q).text</con:script><con:responseContent>{
	"status":"OK",
	"connected_service":"${response#$['currentServer']}",
	"result_message": ${response#$['results']}
	}</con:responseContent></con:response><con:response name="getThree" id="96245530-4e8b-4738-907d-a2815e77fc91" httpResponseStatus="200" mediaType="application/json" dataSource=""><con:settings/><con:script>def str = mockRequest.getRequest().getQueryString().split("=")
def q = str[-1]

context.response = new URL("http://localhost:8073/to?q=" + q).text</con:script><con:responseContent>{
	"status":"OK",
	"connected_service":"${response#$['currentServer']}",
	"result_message": ${response#$['results']}
	}</con:responseContent></con:response><con:response name="badRequest" id="d8f5dc28-a7d3-4005-aca8-657eb9edb583" httpResponseStatus="200" mediaType="application/json" dataSource=""><con:settings/><con:responseContent>{	
	"currentServer":"routingServer",
	"message":"bad request"
}</con:responseContent></con:response></con:restMockAction></con:restMockService><con:restMockService id="cd95fb1a-4762-4e5c-9cd7-1d7c314f30b5" port="8071" path="/" host="localhost" name="getOne" routeModeEnabled="false" routeUnmatchedOperation="false" addUnmatchedOperation="false" routeEndpoint="http://maps.googleapis.com"><con:settings/><con:properties><con:property><con:name>routeProp</con:name><con:value>http://maps.googleapis.com</con:value></con:property></con:properties><con:constraints><con:congestion>0</con:congestion><con:inputBandwidth>-1</con:inputBandwidth><con:outputBandwidth>-1</con:outputBandwidth><con:maxThreadPoolCapacity>20</con:maxThreadPoolCapacity><con:coreThreadPoolCapacity>5</con:coreThreadPoolCapacity><con:virtError><con:start>0</con:start><con:endless>true</con:endless></con:virtError></con:constraints><con:headerValidator type="NONE"/><con:restMockAction name="/to" method="GET" resourcePath="/to" id="2d4505bc-a49d-4ca4-83e6-da75986ade0d"><con:settings/><con:defaultResponse>Response 1</con:defaultResponse><con:dispatchStyle>SEQUENCE</con:dispatchStyle><con:dispatchConfig/><con:dispatchPath xsi:nil="true" xmlns:xsi="http://www.w3.org/2001/XMLSchema-instance"/><con:dispatchXPath/><con:parameterDispatcherRuleContainer/><con:routeEnabled>false</con:routeEnabled><con:conditionalRoutingEnabled>false</con:conditionalRoutingEnabled><con:routeScript/><con:response name="Response 1" id="e92f0078-a7d4-4545-a258-86f567155837" httpResponseStatus="200" mediaType="application/json" dataSource=""><con:settings/><con:responseContent>{	
	"currentServer":"getOne",
	"message":"virtualized server"
}</con:responseContent></con:response></con:restMockAction></con:restMockService><con:restMockService id="5edfc499-67ab-4b12-9f1f-552acd40e35a" port="8072" path="/" host="localhost" name="getTwo" routeModeEnabled="false" routeUnmatchedOperation="false" addUnmatchedOperation="false" routeEndpoint="${#MockService#to}"><con:settings/><con:properties><con:property><con:name>to</con:name><con:value>https://maps.googleapis.com</con:value></con:property></con:properties><con:constraints><con:congestion>0</con:congestion><con:inputBandwidth>-1</con:inputBandwidth><con:outputBandwidth>-1</con:outputBandwidth><con:maxThreadPoolCapacity>20</con:maxThreadPoolCapacity><con:coreThreadPoolCapacity>5</con:coreThreadPoolCapacity><con:virtError><con:start>0</con:start><con:endless>true</con:endless></con:virtError></con:constraints><con:headerValidator type="NONE"/><con:restMockAction name="/to" method="GET" resourcePath="/to" id="3b4dd017-11ba-4602-9c75-dca25e234213"><con:settings/><con:defaultResponse>Response 1</con:defaultResponse><con:dispatchStyle>SEQUENCE</con:dispatchStyle><con:dispatchConfig/><con:dispatchXPath/><con:routeEnabled>true</con:routeEnabled><con:conditionalRoutingEnabled>false</con:conditionalRoutingEnabled><con:routeScript/><con:saveRoutedResponse>true</con:saveRoutedResponse><con:response name="Response 1" id="b0b52032-03a7-4fe8-aa75-159d09cfa5c2" httpResponseStatus="200" mediaType="application/json" dataSource=""><con:settings/><con:script>def str = mockRequest.getRequest().getQueryString().split("=")
def q = str[-1]
def callURL = "http://maps.googleapis.com/maps/api/geocode/json?address=" + q

context.response = new URL(callURL).text</con:script><con:responseContent>{	
	"currentServer":"getTwo",
	"message":"routed response",
	"results":${response}
}
</con:responseContent></con:response></con:restMockAction></con:restMockService><con:restMockService id="4e642f1f-11aa-4661-aa9b-67be65829246" port="8073" path="/" host="localhost" name="getThree" routeModeEnabled="false" routeUnmatchedOperation="false" addUnmatchedOperation="false"><con:settings/><con:properties/><con:constraints><con:congestion>0</con:congestion><con:inputBandwidth>-1</con:inputBandwidth><con:outputBandwidth>-1</con:outputBandwidth><con:maxThreadPoolCapacity>20</con:maxThreadPoolCapacity><con:coreThreadPoolCapacity>5</con:coreThreadPoolCapacity><con:virtError><con:start>0</con:start><con:endless>true</con:endless></con:virtError></con:constraints><con:headerValidator type="NONE"/><con:restMockAction name="/to" method="GET" resourcePath="/to" id="39fafe33-6c1b-44d8-b8b0-04de56ba9b63"><con:settings/><con:defaultResponse>Response 1</con:defaultResponse><con:dispatchStyle>SEQUENCE</con:dispatchStyle><con:dispatchConfig/><con:dispatchXPath/><con:routeScript/><con:response name="Response 1" id="f4a82bfb-6f71-4c7a-a851-b243685dd8d8" httpResponseStatus="200" mediaType="application/json" dataSource=""><con:settings/><con:script>def str = mockRequest.getRequest().getQueryString().split("=")
def q = str[-1]
def callURL = "https://www.googleapis.com/books/v1/volumes?q=" + q

context.response = new URL(callURL).text</con:script><con:responseContent>{	
	"currentServer":"getThree",
	"message":"routed response",
	"results":${response}
}</con:responseContent></con:response></con:restMockAction></con:restMockService><con:savedRecentRuns>1</con:savedRecentRuns><con:properties><con:property><con:name>routeTo</con:name><con:value>https://maps.googleapis.com</con:value></con:property></con:properties><con:wssContainer/><con:databaseConnectionContainer/><con:jmsConnectionContainer/><con:oAuth2ProfileContainer/><con:oAuth1ProfileContainer/><con:reporting><con:xmlTemplates/><con:parameters/></con:reporting><con:authRepository/><con:tags/></con:soapui-project>